{
  "urls": [
    "ch0.mp3",
    "ch0.ogg",
    "ch0.m4a"
  ],
  "sprite": {
    "Button_OK": [
      0,
      905.7823129251701
    ],
    "Button_SoundOn": [
      1050,
      816.0997732426305
    ],
    "Button_SoundOff": [
      2100,
      1358.8208616780046
    ],
    "Button_BetUp": [
      4150,
      660.8843537414967
    ],
    "Button_BetDown": [
      5200,
      778.5714285714284
    ],
    "Button_BetMax": [
      6250,
      880.2040816326535
    ],
    "Button_Buy": [
      7300.000000000001,
      992.1088435374159
    ],
    "Button_Home": [
      8350.000000000002,
      386.9841269841263
    ],
    "Button_Info": [
      9400,
      350.7936507936513
    ],
    "Button_Speed_1": [
      10450.000000000002,
      367.3922902494322
    ],
    "Button_Speed_2": [
      11500,
      369.1836734693883
    ],
    "Button_Speed_3": [
      12550,
      224.89795918367327
    ],
    "Button_QuickPick": [
      13600.000000000002,
      935.8503401360547
    ],
    "Button_Clear": [
      14650.000000000002,
      356.28117913832114
    ],
    "Button_Go": [
      15700.000000000002,
      544.8299319727905
    ],
    "Button_PlayAgain": [
      16750.000000000004,
      572.9705215419507
    ]
  }
}