{
  "urls": [
    "ch1.mp3",
    "ch1.ogg",
    "ch1.m4a"
  ],
  "sprite": {
    "Button_BetDown": [
      0,
      778.5714285714286
    ],
    "Button_BetUp": [
      1050,
      660.8843537414965
    ],
    "Select_User_01": [
      2100,
      998.5487528344672
    ],
    "Select_User_02": [
      3150.0000000000005,
      997.8684807256233
    ],
    "Select_User_03": [
      4200,
      997.8458049886623
    ],
    "Select_User_04": [
      5250,
      987.9138321995464
    ],
    "Select_User_05": [
      6300,
      997.6643990929706
    ],
    "Select_User_06": [
      7350,
      995.0340136054425
    ],
    "Select_User_07": [
      8400,
      998.5487528344663
    ],
    "Select_User_08": [
      9450,
      999.4104308390029
    ],
    "Select_User_09": [
      10500,
      998.5487528344663
    ],
    "Select_User_10": [
      11549.999999999998,
      1000.1133786848069
    ],
    "Deselect": [
      13599.999999999998,
      998.6394557823122
    ],
    "MultiplierAutoSelect": [
      14649.999999999996,
      1865.396825396827
    ],
    "RevealerHoverLoop_OneShot": [
      16700,
      660.748299319728
    ],
    "RevealerHoverLoop_Slow": [
      17750,
      1149.1836734693877
    ],
    "RevealerHoverLoop_Med": [
      19800,
      1227.3469387755113
    ],
    "RevealerHoverLoop_Fast": [
      21850,
      913.7188208616784
    ],
    "RevealerHoverTerm": [
      22900.000000000004,
      1116.6666666666672
    ]
  }
}