{
  "urls": [
    "ch2.mp3",
    "ch2.ogg",
    "ch2.m4a"
  ],
  "sprite": {
    "Button_BetDown": [
      0,
      778.5714285714286
    ],
    "Button_BetUp": [
      1050,
      660.8843537414965
    ],
    "AutoSelectNumber_01": [
      2100,
      1598.775510204082
    ],
    "AutoSelectNumber_02": [
      4150,
      1406.258503401361
    ],
    "AutoSelectNumber_03": [
      6200.000000000001,
      1502.1315192743766
    ],
    "AutoSelectNumber_04": [
      8250.000000000002,
      1501.7687074829932
    ],
    "AutoSelectNumber_05": [
      10300.000000000002,
      1793.7868480725622
    ],
    "AutoSelectMultiplier_01": [
      12350.000000000004,
      2086.984126984127
    ],
    "AutoSelectMultiplier_02": [
      15400.000000000004,
      2448.185941043084
    ],
    "AutoSelectMultiplier_03": [
      18450.000000000004,
      2093.7641723356
    ],
    "AutoSelectMultiplier_04": [
      21500.000000000004,
      2092.5850340136058
    ],
    "AutoSelectMultiplier_05": [
      24550.000000000004,
      1920.0453514739238
    ],
    "AutoSelectMultiplier_06": [
      26600.000000000004,
      2236.3492063492067
    ]
  }
}