{
  "urls": [
    "ch3.mp3",
    "ch3.ogg",
    "ch3.m4a"
  ],
  "sprite": {
    "AutoSelectPrize_01": [
      0,
      2614.5351473922906
    ],
    "AutoSelectPrize_02": [
      3050,
      2535.7823129251706
    ],
    "AutoSelectPrize_03": [
      6100.000000000001,
      2592.7437641723354
    ],
    "AutoSelectPrize_04": [
      9150,
      2418.2539682539677
    ],
    "AutoSelectPrize_05": [
      12200,
      2390.975056689342
    ],
    "AutoSelectPrize_06": [
      15250,
      2499.523809523808
    ],
    "AutoSelectPrize_07": [
      18299.999999999996,
      2348.2086167800453
    ],
    "AutoSelectPrize_08": [
      21349.999999999996,
      2575.6235827664395
    ],
    "AutoSelectPrize_09": [
      24400,
      2384.625850340136
    ],
    "AutoSelectPrize_10": [
      27450,
      2605.1473922902487
    ]
  }
}